,year,county,state,total_deaths,avg_unemployment
0,2018,putnam,TN,8,4.433333333333334
1,2016,sumner,TN,21,4.608333333333333
2,2016,white,TN,8,5.908333333333333
3,2016,meigs,TN,1,3.9583333333333335
4,2015,gibson,TN,6,6.433333333333334
5,2017,williamson,TN,24,2.816666666666667
6,2016,wilson,TN,27,6.858333333333333
7,2016,davidson,TN,178,3.6
8,2016,houston,TN,2,5.216666666666667
9,2017,davidson,TN,184,2.816666666666667
10,2017,haywood,TN,0,4.758333333333333
11,2016,haywood,TN,1,6.191666666666666
12,2017,lewis,TN,2,3.95
13,2018,bledsoe,TN,3,5.808333333333334
14,2016,clay,TN,6,6.55
15,2018,coffee,TN,13,3.408333333333333
16,2018,lake,TN,0,4.575
17,2017,bedford,TN,3,3.966666666666667
18,2017,polk,TN,2,5.25
19,2015,giles,TN,9,7.675
20,2015,rutherford,TN,44,7.283333333333333
21,2017,perry,TN,1,4.666666666666667
22,2017,overton,TN,5,4.158333333333333
23,2018,cheatham,TN,21,2.725
24,2017,sullivan,TN,29,5.216666666666667
25,2017,wilson,TN,26,5.25
26,2017,cannon,TN,3,3.566666666666667
27,2015,coffee,TN,8,5.508333333333333
28,2015,dickson,TN,16,5.45
29,2015,campbell,TN,16,7.908333333333333
30,2017,hancock,TN,3,5.183333333333334
31,2017,maury,TN,12,4.566666666666666
32,2018,shelby,TN,123,5.808333333333334
33,2017,shelby,TN,159,5.908333333333333
34,2016,lawrence,TN,5,6.141666666666667
35,2015,smith,TN,5,5.175
36,2018,hardeman,TN,2,4.133333333333333
37,2017,madison,TN,12,5.216666666666667
38,2015,madison,TN,5,7.908333333333333
39,2018,haywood,TN,1,4.241666666666667
40,2018,anderson,TN,18,3.75
41,2017,crockett,TN,0,4.158333333333333
42,2015,rhea,TN,3,5.45
43,2015,polk,TN,3,7.875
44,2015,cheatham,TN,15,4.833333333333333
45,2016,lewis,TN,0,4.85
46,2017,rhea,TN,4,3.375
47,2016,hancock,TN,1,6.7
48,2015,lawrence,TN,2,7.283333333333333
49,2015,morgan,TN,10,7.766666666666667
50,2015,claiborne,TN,3,7.233333333333333
51,2015,grainger,TN,2,7.933333333333334
52,2018,hickman,TN,8,3.408333333333333
53,2017,jefferson,TN,7,5.25
54,2017,sequatchie,TN,3,3.966666666666667
55,2016,anderson,TN,24,4.85
56,2018,stewart,TN,6,3.591666666666667
57,2015,benton,TN,4,7.675
58,2016,madison,TN,7,6.883333333333333
59,2017,hardin,TN,2,3.091666666666667
60,2016,lincoln,TN,5,4.941666666666666
61,2015,weakley,TN,4,6.416666666666667
62,2018,clay,TN,1,4.95
63,2016,bedford,TN,1,4.941666666666666
64,2018,carter,TN,12,4.133333333333333
65,2015,haywood,TN,0,7.233333333333333
66,2017,morgan,TN,3,5.275
67,2017,robertson,TN,15,4.033333333333333
68,2016,knox,TN,147,4.333333333333333
69,2016,grundy,TN,2,4.45
70,2017,dickson,TN,6,3.375
71,2017,greene,TN,17,3.55
72,2016,trousdale,TN,0,5.633333333333333
73,2015,bedford,TN,8,6.433333333333334
74,2016,montgomery,TN,15,6.191666666666666
75,2017,stewart,TN,0,3.675
76,2018,giles,TN,4,4.925
77,2016,giles,TN,4,7.091666666666667
78,2016,pickett,TN,0,3.6
79,2016,putnam,TN,10,5.541666666666667
80,2018,dyer,TN,0,4.575
81,2018,morgan,TN,3,4.7
82,2016,blount,TN,21,4.358333333333333
83,2017,weakley,TN,1,4.158333333333333
84,2015,crockett,TN,1,6.416666666666667
85,2015,stewart,TN,1,5.25
86,2018,gibson,TN,6,3.7333333333333334
87,2015,hamblen,TN,11,7.908333333333333
88,2015,chester,TN,3,5.866666666666667
89,2015,knox,TN,122,5.45
90,2017,sevier,TN,24,5.416666666666667
91,2018,franklin,TN,1,3.75
92,2017,henry,TN,2,5.275
93,2016,cumberland,TN,6,5.908333333333333
94,2015,davidson,TN,127,4.391666666666667
95,2017,moore,TN,1,5.158333333333333
96,2018,sullivan,TN,43,4.758333333333333
97,2018,wilson,TN,19,4.758333333333333
98,2015,williamson,TN,21,4.391666666666667
99,2015,henry,TN,1,7.766666666666667
100,2016,lake,TN,0,6.183333333333334
101,2015,monroe,TN,6,5.866666666666667
102,2015,maury,TN,11,6.441666666666666
103,2018,sequatchie,TN,3,3.7333333333333334
104,2018,williamson,TN,30,2.625
105,2018,lewis,TN,1,3.75
106,2016,marion,TN,3,4.608333333333333
107,2016,campbell,TN,4,6.883333333333333
108,2017,white,TN,0,4.666666666666667
109,2017,carroll,TN,2,5.183333333333334
110,2018,chester,TN,1,3.7583333333333333
111,2017,carter,TN,16,4.566666666666666
112,2015,hickman,TN,5,5.508333333333333
113,2018,johnson,TN,1,4.433333333333334
114,2016,union,TN,6,4.941666666666666
115,2018,bradley,TN,17,3.591666666666667
116,2018,hardin,TN,5,2.725
117,2016,smith,TN,8,4.358333333333333
118,2015,putnam,TN,12,6.858333333333333
119,2016,bledsoe,TN,2,6.941666666666666
120,2017,franklin,TN,3,3.95
121,2016,greene,TN,13,4.358333333333333
122,2015,wayne,TN,3,5.508333333333333
123,2017,hardeman,TN,4,4.566666666666666
124,2015,perry,TN,0,7.066666666666666
125,2018,overton,TN,5,3.841666666666667
126,2018,roane,TN,25,4.575
127,2016,roane,TN,21,6.183333333333334
128,2015,sullivan,TN,23,7.908333333333333
129,2017,smith,TN,2,3.55
130,2017,coffee,TN,12,3.675
131,2018,obion,TN,3,3.408333333333333
132,2016,rutherford,TN,45,6.141666666666667
133,2015,hardin,TN,7,4.833333333333333
134,2016,franklin,TN,2,4.85
135,2018,bedford,TN,7,3.7333333333333334
136,2017,hawkins,TN,5,3.9916666666666667
137,2017,anderson,TN,34,3.95
138,2018,union,TN,2,3.7583333333333333
139,2016,hamilton,TN,53,4.608333333333333
140,2018,meigs,TN,0,2.725
141,2017,grainger,TN,1,5.908333333333333
142,2017,chester,TN,1,3.9916666666666667
143,2017,lincoln,TN,4,3.966666666666667
144,2015,sumner,TN,18,5.783333333333333
145,2017,washington,TN,24,5.275
146,2015,overton,TN,4,6.416666666666667
147,2015,lake,TN,0,7.175
148,2015,hancock,TN,3,8.275
149,2015,lincoln,TN,2,6.433333333333334
150,2015,marshall,TN,5,8.275
151,2018,tipton,TN,12,4.933333333333334
152,2016,warren,TN,5,6.55
153,2018,crockett,TN,2,3.841666666666667
154,2015,greene,TN,5,5.175
155,2016,obion,TN,1,4.675
156,2017,lawrence,TN,7,4.558333333333334
157,2015,marion,TN,3,5.783333333333333
158,2018,marion,TN,1,3.1416666666666666
159,2017,fentress,TN,1,4.558333333333334
160,2017,marshall,TN,6,5.183333333333334
161,2017,van buren,TN,0,4.758333333333333
162,2018,cannon,TN,3,3.1416666666666666
163,2017,monroe,TN,5,3.9916666666666667
164,2016,dickson,TN,17,4.333333333333333
165,2015,sevier,TN,18,7.675
166,2018,davidson,TN,200,2.625
167,2018,knox,TN,218,3.0083333333333333
168,2016,lauderdale,TN,5,5.008333333333333
169,2017,unicoi,TN,7,3.091666666666667
170,2018,grundy,TN,2,3.591666666666667
171,2015,carroll,TN,1,8.275
172,2018,scott,TN,1,3.75
173,2016,perry,TN,0,5.908333333333333
174,2015,houston,TN,2,6.416666666666667
175,2016,decatur,TN,3,6.858333333333333
176,2016,polk,TN,2,6.858333333333333
177,2017,pickett,TN,1,2.816666666666667
178,2017,knox,TN,196,3.375
179,2018,jefferson,TN,5,4.758333333333333
180,2015,moore,TN,0,8.858333333333333
181,2018,lauderdale,TN,2,3.7333333333333334
182,2016,maury,TN,15,5.633333333333333
183,2016,hardeman,TN,1,5.633333333333333
184,2017,wayne,TN,0,3.675
185,2016,weakley,TN,4,5.216666666666667
186,2016,crockett,TN,0,5.216666666666667
187,2016,stewart,TN,1,4.45
188,2018,marshall,TN,5,4.933333333333334
189,2015,cannon,TN,3,5.783333333333333
190,2018,lincoln,TN,7,3.7333333333333334
191,2018,weakley,TN,5,3.841666666666667
192,2017,fayette,TN,3,4.033333333333333
193,2016,carter,TN,14,5.633333333333333
194,2015,loudon,TN,9,7.675
195,2017,union,TN,4,3.9916666666666667
196,2016,williamson,TN,19,3.6
197,2015,carter,TN,10,6.441666666666666
198,2016,washington,TN,30,6.3
199,2016,coffee,TN,12,4.675
200,2018,hamblen,TN,7,4.758333333333333
201,2018,sumner,TN,33,3.1416666666666666
202,2015,wilson,TN,26,7.875
203,2016,hamblen,TN,19,6.883333333333333
204,2017,campbell,TN,5,5.216666666666667
205,2016,henderson,TN,2,6.55
206,2017,giles,TN,5,5.416666666666667
207,2015,cumberland,TN,2,7.066666666666666
208,2015,shelby,TN,135,7.933333333333334
209,2018,grainger,TN,1,5.808333333333334
210,2018,jackson,TN,2,2.625
211,2016,sullivan,TN,36,6.883333333333333
212,2018,hawkins,TN,11,3.7583333333333333
213,2016,hickman,TN,4,4.675
214,2018,rutherford,TN,68,4.166666666666667
215,2016,grainger,TN,3,6.941666666666666
216,2016,monroe,TN,6,4.941666666666666
217,2017,lake,TN,0,4.858333333333333
218,2016,cocke,TN,4,6.3
219,2015,cocke,TN,5,7.766666666666667
220,2016,claiborne,TN,2,6.191666666666666
221,2018,houston,TN,2,3.841666666666667
222,2018,decatur,TN,2,4.758333333333333
223,2016,gibson,TN,5,4.941666666666666
224,2017,humphreys,TN,4,4.666666666666667
225,2016,dyer,TN,0,6.183333333333334
226,2015,dyer,TN,1,7.175
227,2017,claiborne,TN,2,4.758333333333333
228,2018,monroe,TN,8,3.7583333333333333
229,2018,fentress,TN,1,4.166666666666667
230,2015,franklin,TN,7,5.825
231,2016,scott,TN,1,4.85
232,2017,hickman,TN,3,3.675
233,2016,cheatham,TN,13,3.9583333333333335
234,2015,hamilton,TN,37,5.783333333333333
235,2018,pickett,TN,1,2.625
236,2017,lauderdale,TN,2,4.033333333333333
237,2017,macon,TN,2,3.675
238,2016,fentress,TN,2,6.141666666666667
239,2016,unicoi,TN,5,3.9583333333333335
240,2015,unicoi,TN,3,4.833333333333333
241,2018,lawrence,TN,7,4.166666666666667
242,2015,fayette,TN,5,6.175
243,2017,scott,TN,2,3.95
244,2017,sumner,TN,28,3.566666666666667
245,2015,henderson,TN,4,8.858333333333333
246,2015,fentress,TN,2,7.283333333333333
247,2015,van buren,TN,0,7.233333333333333
248,2017,cocke,TN,6,5.275
249,2015,roane,TN,15,7.175
250,2015,warren,TN,5,8.858333333333333
251,2018,carroll,TN,0,4.933333333333334
252,2018,dickson,TN,10,3.0083333333333333
253,2018,humphreys,TN,1,4.358333333333333
254,2015,hawkins,TN,14,5.866666666666667
255,2016,overton,TN,6,5.216666666666667
256,2018,robertson,TN,10,3.7333333333333334
257,2017,marion,TN,2,3.566666666666667
258,2017,clay,TN,2,5.158333333333333
259,2017,tipton,TN,12,5.183333333333334
260,2018,campbell,TN,3,4.758333333333333
261,2016,carroll,TN,1,6.7
262,2015,pickett,TN,0,4.391666666666667
263,2015,blount,TN,19,5.175
264,2016,johnson,TN,1,5.541666666666667
265,2015,lauderdale,TN,0,6.175
266,2018,perry,TN,0,4.358333333333333
267,2018,madison,TN,5,4.758333333333333
268,2016,sevier,TN,17,7.091666666666667
269,2015,clay,TN,2,8.858333333333333
270,2016,sequatchie,TN,3,4.941666666666666
271,2017,loudon,TN,18,5.416666666666667
272,2017,blount,TN,29,3.55
273,2017,rutherford,TN,48,4.558333333333334
274,2017,trousdale,TN,2,4.566666666666666
275,2015,decatur,TN,5,7.875
276,2016,hardin,TN,7,3.9583333333333335
277,2018,wayne,TN,4,3.408333333333333
278,2016,robertson,TN,9,5.008333333333333
279,2016,bradley,TN,7,4.45
280,2015,jefferson,TN,2,7.875
281,2015,tipton,TN,12,8.275
282,2015,robertson,TN,12,6.175
283,2018,white,TN,4,4.358333333333333
284,2015,white,TN,7,7.066666666666666
285,2015,grundy,TN,1,5.25
286,2016,cannon,TN,3,4.608333333333333
287,2016,jefferson,TN,3,6.858333333333333
288,2015,lewis,TN,0,5.825
289,2016,benton,TN,1,7.091666666666667
290,2016,loudon,TN,12,7.091666666666667
291,2018,rhea,TN,2,3.0083333333333333
292,2018,henry,TN,7,4.7
293,2016,hawkins,TN,19,4.941666666666666
294,2017,obion,TN,0,3.675
295,2015,union,TN,3,5.866666666666667
296,2016,humphreys,TN,2,5.908333333333333
297,2018,blount,TN,30,3.216666666666667
298,2015,jackson,TN,3,4.391666666666667
299,2015,bledsoe,TN,1,7.933333333333334
300,2017,benton,TN,5,5.416666666666667
301,2015,humphreys,TN,4,7.066666666666666
302,2016,fayette,TN,2,5.008333333333333
303,2016,henry,TN,4,6.3
304,2016,van buren,TN,3,6.191666666666666
305,2016,chester,TN,2,4.941666666666666
306,2018,warren,TN,4,4.95
307,2018,claiborne,TN,1,4.241666666666667
308,2018,washington,TN,9,4.7
309,2018,moore,TN,1,4.95
310,2015,sequatchie,TN,2,6.433333333333334
311,2018,hancock,TN,3,4.933333333333334
312,2018,cumberland,TN,7,4.358333333333333
313,2018,cocke,TN,6,4.7
314,2018,loudon,TN,7,4.925
315,2018,trousdale,TN,7,4.133333333333333
316,2017,putnam,TN,10,4.825
317,2018,fayette,TN,4,3.7333333333333334
318,2018,smith,TN,3,3.216666666666667
319,2017,cumberland,TN,9,4.666666666666667
320,2018,henderson,TN,6,4.95
321,2016,moore,TN,0,6.55
322,2018,greene,TN,18,3.216666666666667
323,2015,meigs,TN,0,4.833333333333333
324,2018,polk,TN,0,4.758333333333333
325,2018,benton,TN,1,4.925
326,2017,jackson,TN,2,2.816666666666667
327,2015,johnson,TN,3,6.858333333333333
328,2017,dyer,TN,1,4.858333333333333
329,2015,macon,TN,3,5.25
330,2017,warren,TN,1,5.158333333333333
331,2017,johnson,TN,1,4.825
332,2016,macon,TN,5,4.45
333,2017,roane,TN,16,4.858333333333333
334,2016,shelby,TN,150,6.941666666666666
335,2017,cheatham,TN,24,3.091666666666667
336,2015,scott,TN,4,5.825
337,2015,anderson,TN,20,5.825
338,2015,hardeman,TN,1,6.441666666666666
339,2016,jackson,TN,4,3.6
340,2017,montgomery,TN,22,4.758333333333333
341,2018,van buren,TN,1,4.241666666666667
342,2016,morgan,TN,6,6.3
343,2017,bledsoe,TN,2,5.908333333333333
344,2017,henderson,TN,5,5.158333333333333
345,2018,macon,TN,2,3.591666666666667
346,2017,grundy,TN,1,3.675
347,2015,trousdale,TN,0,6.441666666666666
348,2016,marshall,TN,10,6.7
349,2016,wayne,TN,1,4.675
350,2017,decatur,TN,0,5.25
351,2018,maury,TN,18,4.133333333333333
352,2015,washington,TN,17,7.766666666666667
353,2018,sevier,TN,38,4.925
354,2017,meigs,TN,2,3.091666666666667
355,2018,hamilton,TN,41,3.1416666666666666
356,2017,hamilton,TN,60,3.566666666666667
357,2015,montgomery,TN,24,7.233333333333333
358,2015,obion,TN,2,5.508333333333333
359,2018,unicoi,TN,5,2.725
360,2018,montgomery,TN,40,4.241666666666667
361,2017,gibson,TN,6,3.966666666666667
362,2017,houston,TN,1,4.158333333333333
363,2016,tipton,TN,16,6.7
364,2017,bradley,TN,14,3.675
365,2015,bradley,TN,10,5.25
366,2016,rhea,TN,3,4.333333333333333
367,2017,hamblen,TN,9,5.216666666666667
